number_jobs,method,scenario_count,successful_scenarios,average_waiting_time_mean,average_waiting_time_std,makespan_mean,makespan_std,deadline_misses_mean,deadline_misses_std,cpu_utilisation_mean,cpu_utilisation_std,gpu_utilisation_mean,gpu_utilisation_std,gpu_energy_kwh_mean,gpu_energy_kwh_std,baseline_gpu_energy_kwh_mean,baseline_gpu_energy_kwh_std,optimised_gpu_energy_kwh_mean,optimised_gpu_energy_kwh_std,gpu_energy_reduction_percent_mean,gpu_energy_reduction_percent_std,average_gpu_power_fraction_mean,average_gpu_power_fraction_std,milp_solve_time_seconds_mean,milp_solve_time_seconds_std,nlp_solve_time_seconds_mean,nlp_solve_time_seconds_std,milp_binary_variables_mean,milp_binary_variables_std,milp_constraints_mean,milp_constraints_std
10,FCFS,5,5,0.0,0.0,34.064800000000005,7.743197027068343,0.0,0.0,0.12941704787925998,0.017749552412389027,0.07130107550137288,0.03480232664402223,0.153237,0.09927751794842576,0.153237,0.09927751794842576,,,,,,,,,,,,,,
10,MILP,5,5,0.77902,0.154387651708289,34.778000000000006,7.732879444294993,0.2,0.447213595499958,0.126557596851046,0.016925572572953098,0.06954504491467094,0.03352588273245943,0.153237,0.09927751794842576,0.153237,0.09927751794842576,,,,,,,0.24137093120016284,0.023733402603536007,,,729.2,118.48080013234213,349.2,25.33179819910146
10,MILP + nonlinear,5,5,0.77902,0.154387651708289,35.413799999999995,8.346220593777758,0.2,0.447213595499958,0.12962289107753483,0.021187930893024932,0.07705806458608663,0.03671860119829462,0.14513053152198446,0.09260941895006333,0.153237,0.09927751794842576,0.14513053152198446,0.09260941895006333,5.657582867437025,3.4200076847008094,0.8248028910193941,0.09640517864884052,0.24137093120016284,0.023733402603536007,0.00181136279998094,0.0004535227272665899,729.2,118.48080013234213,349.2,25.33179819910146
20,FCFS,5,5,1.8186600000000006,1.7349058902430414,64.4188,15.600207921691295,2.0,2.1213203435596424,0.22861854551124713,0.04479026084651198,0.25656947283658516,0.10519778914138081,1.04559,0.5479980992325613,1.04559,0.5479980992325613,,,,,,,,,,,,,,
20,MILP,5,5,1.55341,0.7178108006292466,62.385400000000004,12.204754536654967,0.8,0.4472135954999579,0.23288589935867207,0.035379028502602675,0.2653101857110569,0.11424158354382483,1.04559,0.5479980992325613,1.04559,0.5479980992325613,,,,,,,0.8474697737998212,0.331456388290263,,,3459.4,301.82660585177047,805.8,73.16556567129102
20,MILP + nonlinear,5,5,1.55341,0.7178108006292466,63.013400000000004,12.69897231275035,0.8,0.4472135954999579,0.24395606129537892,0.03920641350500693,0.2870065197341529,0.13117239875034137,1.0065731641570406,0.5151440508379668,1.04559,0.5479980992325613,1.0065731641570406,0.5151440508379668,2.9863698616843437,1.883971133266195,0.8733912821306655,0.05679042734817544,0.8474697737998212,0.331456388290263,0.0037396641999293398,0.0014186190308436014,3459.4,301.82660585177047,805.8,73.16556567129102
50,FCFS,5,5,3.002772,3.7463621670788854,134.4792,27.317576488407603,5.8,6.610597552415364,0.2474715805183491,0.08019282024098241,0.26561149350403745,0.1269733477379907,2.171047,1.038274127444193,2.171047,1.038274127444193,,,,,,,,,,,,,,
50,MILP,5,2,1.2063499999999998,0.3279985515211918,137.18200000000002,45.401912206425855,1.5,0.7071067811865476,0.1605360874383952,0.00024320217830627627,0.1485725650490646,0.09563921911047907,2.171047,1.038274127444193,2.171047,1.038274127444193,,,,,,,35.59664455719985,29.31167462236198,,,23343.0,2081.796579879984,2062.2,156.29683298134992
50,MILP + nonlinear,5,2,1.2063499999999998,0.3279985515211918,137.539,45.906786448193024,1.5,0.7071067811865476,0.1690183956488331,0.007881197301297676,0.1662374516153966,0.11396693434348233,1.2875905532216245,1.1158342963983983,2.171047,1.038274127444193,1.2875905532216245,1.1158342963983983,3.8699692864531507,2.214524652058038,0.857598054632501,0.0895897728807731,35.59664455719985,29.31167462236198,0.01284685149994395,0.01310688816240159,23343.0,2081.796579879984,2062.2,156.29683298134992
